<?xml version="1.0" encoding="UTF-8" standalone="no"?>
<project>
	<configuration id="com.arm.toolchain.v6.1876945062" name="Default">
		<extension point="org.eclipse.cdt.core.LanguageSettingsProvider">
			<provider copy-of="extension" id="org.eclipse.cdt.ui.UserLanguageSettingsProvider"/>
			<provider-reference id="org.eclipse.cdt.core.ReferencedProjectsLanguageSettingsProvider" ref="shared-provider"/>
			<provider class="com.arm.eclipse.builder.armcc.discovery.ArmCompiler6LanguageSettingsProvider" console="false" env-hash="-305938985318280903" id="com.arm.eclipse.builder.armcc.v6.langprovider" keep-relative-paths="false" name="ARM Compiler 6 Built-in Compiler Settings" parameter="${COMMAND} ${FLAGS} -E -P -v -dD &quot;${INPUTS}&quot;" prefer-non-shared="true">
				<language-scope id="org.eclipse.cdt.core.gcc"/>
				<language-scope id="org.eclipse.cdt.core.g++"/>
			</provider>
			<provider-reference id="org.eclipse.cdt.managedbuilder.core.MBSLanguageSettingsProvider" ref="shared-provider"/>
		</extension>
	</configuration>
</project>
